"Name", "Stmts", "Miss", "Cover"
"dns_explorer/__init__.py", "8", "0", "100%"
"dns_explorer/core/__init__.py", "9", "0", "100%"
"dns_explorer/core/model/__init__.py", "9", "0", "100%"
"dns_explorer/core/model/models.py", "19", "0", "100%"
"dns_explorer/core/service/__init__.py", "9", "0", "100%"
"dns_explorer/core/service/engine.py", "68", "12", "82%"
"dns_explorer/core/service/idns_resolver.py", "17", "0", "100%"
"dns_explorer/core/service/iservice.py", "18", "0", "100%"
"dns_explorer/engine.py", "57", "0", "100%"
"dns_explorer/infrastructure/__init__.py", "8", "0", "100%"
"dns_explorer/infrastructure/cli/__init__.py", "9", "0", "100%"
"dns_explorer/infrastructure/cli/engine.py", "43", "0", "100%"
"dns_explorer/infrastructure/cli/icli.py", "15", "0", "100%"
"dns_explorer/infrastructure/cli/setup/__init__.py", "9", "0", "100%"
"dns_explorer/infrastructure/cli/setup/bundle.py", "22", "0", "100%"
"dns_explorer/infrastructure/cli/setup/dep_validator.py", "36", "0", "100%"
"dns_explorer/infrastructure/cli/setup/dependencies.py", "18", "0", "100%"
"dns_explorer/infrastructure/cli/setup/factory.py", "46", "0", "100%"
"dns_explorer/infrastructure/cli/setup/keys.py", "28", "0", "100%"
"dns_explorer/infrastructure/cli/setup/opt_validator.py", "34", "0", "100%"
"dns_explorer/infrastructure/cli/setup/options.py", "17", "0", "100%"
"dns_explorer/infrastructure/cli/setup/registry.py", "26", "0", "100%"
"dns_explorer/infrastructure/cli/setup/validator.py", "43", "0", "100%"
"dns_explorer/infrastructure/command/__init__.py", "9", "0", "100%"
"dns_explorer/infrastructure/command/command.py", "16", "0", "100%"
"dns_explorer/infrastructure/command/explore_command_definition.py", "24", "1", "96%"
"dns_explorer/infrastructure/command/explore_command_executor.py", "50", "17", "66%"
"dns_explorer/infrastructure/command/icommand_definition.py", "14", "0", "100%"
"dns_explorer/infrastructure/command/icommand_executor.py", "14", "0", "100%"
"dns_explorer/infrastructure/command/records_command_definition.py", "24", "1", "96%"
"dns_explorer/infrastructure/command/records_command_executor.py", "47", "14", "70%"
"dns_explorer/infrastructure/command/resolve_command_definition.py", "24", "1", "96%"
"dns_explorer/infrastructure/command/resolve_command_executor.py", "51", "19", "63%"
"dns_explorer/infrastructure/command/reverse_command_definition.py", "24", "1", "96%"
"dns_explorer/infrastructure/command/reverse_command_executor.py", "46", "14", "70%"
"dns_explorer/infrastructure/dns_resolver.py", "66", "15", "77%"
"dns_explorer/setup/__init__.py", "9", "0", "100%"
"dns_explorer/setup/bundle.py", "23", "0", "100%"
"dns_explorer/setup/dep_validator.py", "36", "0", "100%"
"dns_explorer/setup/dependencies.py", "19", "0", "100%"
"dns_explorer/setup/factory.py", "59", "0", "100%"
"dns_explorer/setup/keys.py", "27", "0", "100%"
"dns_explorer/setup/opt_validator.py", "34", "0", "100%"
"dns_explorer/setup/options.py", "12", "0", "100%"
"dns_explorer/setup/registry.py", "32", "0", "100%"
"dns_explorer/setup/validator.py", "48", "0", "100%"
"Total", "1276", "95", "93%"
